<?xml version="1.0" encoding="UTF-8"?>
<metadata modelVersion="1.1.0">
  <groupId>net.wouterdanes.docker</groupId>
  <artifactId>docker-maven-plugin</artifactId>
  <version>3.1-SNAPSHOT</version>
  <versioning>
    <snapshot>
      <timestamp>20141126.201255</timestamp>
      <buildNumber>7</buildNumber>
    </snapshot>
    <lastUpdated>20141126201255</lastUpdated>
    <snapshotVersions>
      <snapshotVersion>
        <extension>jar</extension>
        <value>3.1-20141126.201255-7</value>
        <updated>20141126201255</updated>
      </snapshotVersion>
      <snapshotVersion>
        <extension>pom</extension>
        <value>3.1-20141126.201255-7</value>
        <updated>20141126201255</updated>
      </snapshotVersion>
    </snapshotVersions>
  </versioning>
</metadata>
