<?xml version="1.0" encoding="UTF-8"?>
<metadata modelVersion="1.1.0">
  <groupId>PromotionManager</groupId>
  <artifactId>PromotionManager</artifactId>
  <version>0.0.13-SNAPSHOT</version>
  <versioning>
    <snapshot>
      <localCopy>true</localCopy>
    </snapshot>
    <lastUpdated>20150710152930</lastUpdated>
    <snapshotVersions>
      <snapshotVersion>
        <extension>jar</extension>
        <value>0.0.13-SNAPSHOT</value>
        <updated>20150710152930</updated>
      </snapshotVersion>
      <snapshotVersion>
        <extension>pom</extension>
        <value>0.0.13-SNAPSHOT</value>
        <updated>20150710152930</updated>
      </snapshotVersion>
    </snapshotVersions>
  </versioning>
</metadata>
